User_ID,Income,Transaction_ID,Reason,Amount_Spent,Date,Category,Total_Spent,Available_Amount,Can_Spent,Validate,can_spent_predicted,Category_Predicted,savings
1,19278,1,Education,409,2024-04-12 02:01:15.637632,Good,409,18869,2830,True,2830.02,Good,2421.02
1,19278,2,Travel,102,2024-04-15 02:01:15.637632,Good,511,18767,750,True,751.31,Good,649.31
1,19278,3,Entertainment,507,2024-04-16 02:01:15.637632,Good,1018,18260,1826,True,1826.6,Good,1319.6
1,19278,4,Travel,383,2024-04-18 02:01:15.637632,Good,1401,17877,715,True,717.55,Good,334.54999999999995
1,19278,5,Travel,376,2024-04-22 02:01:15.637632,Good,1777,17501,700,True,699.15,Good,323.15
1,19278,6,Utilities,3228,2024-04-23 02:01:15.637632,Bad,5005,14273,2854,True,2855.04,Bad,-372.96000000000004
1,19278,7,Travel,250,2024-04-23 02:01:15.637632,Good,5255,14023,560,True,560.28,Good,310.28
1,19278,8,Groceries,1523,2024-04-24 02:01:15.637632,Good,6778,12500,3750,True,3748.5,Good,2225.5
1,19278,9,Utilities,2116,2024-04-25 02:01:15.637632,Bad,8894,10384,2076,True,2077.55,Bad,-38.44999999999982
1,19278,10,Dining Out,692,2024-04-28 02:01:15.637632,Bad,9586,9692,484,True,483.76,Bad,-208.24
1,19278,11,Travel,92,2024-05-01 02:01:15.637632,Good,92,19186,767,True,766.96,Good,674.96
1,19278,12,Mall,1124,2024-05-02 02:01:15.637632,Bad,1216,18062,903,True,901.12,Bad,-222.88
1,19278,13,Dining Out,115,2024-05-04 02:01:15.637632,Good,1331,17947,897,True,896.27,Good,781.27
1,19278,14,Entertainment,2185,2024-05-06 02:01:15.637632,Bad,3516,15762,1576,True,1577.66,Bad,-607.3399999999999
1,19278,15,Groceries,2312,2024-05-07 02:01:15.637632,Good,5828,13450,4035,True,4042.77,Good,1730.77
1,19278,16,Clothing,587,2024-05-10 02:01:15.637632,Good,6415,12863,643,True,642.95,Good,55.950000000000045
1,19278,17,Mall,309,2024-05-11 02:01:15.637632,Good,6724,12554,627,True,625.59,Good,316.59000000000003
1,19278,18,Health,192,2024-05-13 02:01:15.637632,Good,6916,12362,2472,True,2476.22,Good,2284.22
1,19278,19,Entertainment,20,2024-05-15 02:01:15.637632,Good,6936,12342,1234,True,1233.53,Good,1213.53
1,19278,20,Dining Out,916,2024-05-17 02:01:15.637632,Bad,7852,11426,571,True,570.51,Bad,-345.49
1,19278,21,Education,974,2024-05-18 02:01:15.637632,Good,8826,10452,1567,True,1564.6,Good,590.5999999999999
1,19278,22,Travel,844,2024-05-18 02:01:15.637632,Bad,9670,9608,384,True,384.18,Bad,-459.82
1,19278,23,Entertainment,434,2024-05-20 02:01:15.637632,Good,10104,9174,917,True,916.72,Good,482.72
1,19278,24,Dining Out,436,2024-05-26 02:01:15.637632,Good,10540,8738,436,True,438.34,Bad,2.339999999999975
1,19278,25,Education,875,2024-05-29 02:01:15.637632,Good,11415,7863,1179,True,1177.85,Good,302.8499999999999
1,19278,26,Utilities,1119,2024-05-30 02:01:15.637632,Good,12534,6744,1348,True,1344.73,Good,225.73000000000002
1,19278,27,Travel,748,2024-06-01 02:01:15.637632,Bad,748,18530,741,True,741.04,Good,-6.960000000000036
1,19278,28,Utilities,1444,2024-06-01 02:01:15.637632,Good,2192,17086,3417,True,3415.17,Good,1971.17
1,19278,29,Entertainment,1754,2024-06-04 02:01:15.637632,Bad,3946,15332,1533,True,1534.15,Bad,-219.8499999999999
1,19278,30,Health,1202,2024-06-05 02:01:15.637632,Good,5148,14130,2826,True,2824.28,Good,1622.2800000000002
1,19278,31,Education,1138,2024-06-08 02:01:15.637632,Good,6286,12992,1948,True,1951.44,Good,813.44
1,19278,32,Entertainment,808,2024-06-10 02:01:15.637632,Good,7094,12184,1218,True,1219.09,Good,411.0899999999999
1,19278,33,Utilities,912,2024-06-11 02:01:15.637632,Good,8006,11272,2254,True,2256.17,Good,1344.17
1,19278,34,Groceries,1667,2024-06-15 02:01:15.637632,Good,9673,9605,2881,True,2894.98,Good,1227.98
1,19278,35,Entertainment,1401,2024-06-18 02:01:15.637632,Bad,11074,8204,820,True,819.18,Bad,-581.82
1,19278,36,Travel,399,2024-06-18 02:01:15.637632,Bad,11473,7805,312,True,312.21,Bad,-86.79000000000002
1,19278,37,Travel,594,2024-06-20 02:01:15.637632,Bad,12067,7211,288,True,287.99,Bad,-306.01
1,19278,38,Utilities,940,2024-06-22 02:01:15.637632,Good,13007,6271,1254,True,1255.23,Good,315.23
1,19278,39,Clothing,319,2024-06-23 02:01:15.637632,Bad,13326,5952,297,True,296.77,Bad,-22.230000000000018
1,19278,40,Education,715,2024-06-23 02:01:15.637632,Good,14041,5237,785,True,782.3,Good,67.29999999999995
1,19278,41,Health,1253,2024-06-26 02:01:15.637632,Bad,15294,3984,796,True,797.81,Bad,-455.19000000000005
1,19278,42,Travel,362,2024-06-26 02:01:15.637632,Bad,15656,3622,144,True,144.78,Bad,-217.22
1,19278,43,Health,451,2024-06-26 02:01:15.637632,Good,16107,3171,634,True,634.38,Good,183.38
1,19278,44,Dining Out,231,2024-06-27 02:01:15.637632,Bad,16338,2940,147,True,147.88,Bad,-83.12
1,19278,45,Health,63,2024-06-27 02:01:15.637632,Good,16401,2877,575,True,578.26,Good,515.26
1,19278,46,Health,1255,2024-07-02 02:01:15.637632,Good,1255,18023,3604,True,3623.1,Good,2368.1
1,19278,47,Groceries,3543,2024-07-03 02:01:15.637632,Good,4798,14480,4344,True,4331.68,Good,788.6800000000003
1,19278,48,Education,1971,2024-07-05 02:01:15.637632,Bad,6769,12509,1876,True,1872.62,Bad,-98.38000000000011
1,19278,49,Mall,126,2024-07-05 02:01:15.637632,Good,6895,12383,619,True,618.59,Good,492.59000000000003
1,19278,50,Groceries,1089,2024-07-08 02:01:15.637632,Good,7984,11294,3388,True,3386.08,Good,2297.08
1,19278,51,Mall,212,2024-07-11 02:01:15.637632,Good,8196,11082,554,True,554.14,Good,342.14
1,19278,52,Education,1718,2024-07-12 02:01:15.637632,Bad,9914,9364,1404,True,1414.89,Bad,-303.1099999999999
1,19278,53,Dining Out,890,2024-07-13 02:01:15.637632,Bad,10804,8474,423,True,423.58,Bad,-466.42
1,19278,54,Utilities,2119,2024-07-16 02:01:15.637632,Bad,12923,6355,1271,True,1271.54,Bad,-847.46
1,19278,55,Clothing,259,2024-07-21 02:01:15.637632,Good,13182,6096,304,True,303.63,Good,44.629999999999995
1,19278,56,Travel,304,2024-07-24 02:01:15.637632,Bad,13486,5792,231,True,231.59,Bad,-72.41
1,19278,57,Entertainment,257,2024-07-25 02:01:15.637632,Good,13743,5535,553,True,556.08,Good,299.08000000000004
1,19278,58,Mall,10,2024-07-26 02:01:15.637632,Good,13753,5525,276,True,276.05,Good,266.05
1,19278,59,Education,451,2024-07-27 02:01:15.637632,Good,14204,5074,761,True,758.62,Good,307.62
1,19278,60,Travel,565,2024-07-29 02:01:15.637632,Bad,14769,4509,180,True,179.75,Bad,-385.25
1,19278,61,Groceries,366,2024-07-30 02:01:15.637632,Good,15135,4143,1242,True,1241.65,Good,875.6500000000001
1,19278,62,Mall,682,2024-07-31 02:01:15.637632,Bad,15817,3461,173,True,171.73,Bad,-510.27
1,19278,63,Entertainment,262,2024-07-31 02:01:15.637632,Good,16079,3199,319,True,317.43,Good,55.43000000000001
1,19278,64,Mall,635,2024-07-31 02:01:15.637632,Bad,16714,2564,128,True,128.66,Bad,-506.34000000000003
1,19278,65,Utilities,370,2024-07-31 02:01:15.637632,Good,17084,2194,438,True,440.5,Good,70.5
1,19278,66,Mall,522,2024-08-01 02:01:15.637632,Good,522,18756,937,True,936.36,Good,414.36
1,19278,67,Dining Out,341,2024-08-06 02:01:15.637632,Good,863,18415,920,True,921.96,Good,580.96
1,19278,68,Groceries,3307,2024-08-11 02:01:15.637632,Good,4170,15108,4532,True,4538.19,Good,1231.1899999999996
1,19278,69,Health,396,2024-08-12 02:01:15.637632,Good,4566,14712,2942,True,2957.13,Good,2561.13
1,19278,70,Mall,616,2024-08-12 02:01:15.637632,Good,5182,14096,704,True,706.9,Bad,90.89999999999998
1,19278,71,Education,2173,2024-08-14 02:01:15.637632,Bad,7355,11923,1788,True,1788.0,Bad,-385.0
1,19278,72,Groceries,90,2024-08-14 02:01:15.637632,Good,7445,11833,3549,True,3550.45,Good,3460.45
1,19278,73,Travel,698,2024-08-16 02:01:15.637632,Bad,8143,11135,445,True,443.96,Bad,-254.04000000000002
1,19278,74,Clothing,114,2024-08-17 02:01:15.637632,Good,8257,11021,551,True,551.4,Good,437.4
1,19278,75,Entertainment,468,2024-08-21 02:01:15.637632,Good,8725,10553,1055,True,1053.62,Good,585.6199999999999
1,19278,76,Mall,326,2024-08-21 02:01:15.637632,Good,9051,10227,511,True,511.61,Good,185.61
1,19278,77,Education,2024,2024-08-23 02:01:15.637632,Bad,11075,8203,1230,True,1229.55,Bad,-794.45
1,19278,78,Dining Out,472,2024-08-23 02:01:15.637632,Bad,11547,7731,386,True,385.8,Bad,-86.19999999999999
1,19278,79,Education,242,2024-08-24 02:01:15.637632,Good,11789,7489,1123,True,1122.73,Good,880.73
1,19278,80,Clothing,853,2024-08-26 02:01:15.637632,Bad,12642,6636,331,True,331.52,Bad,-521.48
1,19278,81,Groceries,1969,2024-08-29 02:01:15.637632,Bad,14611,4667,1400,True,1406.03,Bad,-562.97
1,19278,82,Dining Out,136,2024-08-30 02:01:15.637632,Good,14747,4531,226,True,226.44,Good,90.44
1,19278,83,Health,4167,2024-09-03 02:01:15.637632,Bad,4167,15111,3022,True,3024.19,Bad,-1142.81
1,19278,84,Health,1338,2024-09-04 02:01:15.637632,Good,5505,13773,2754,True,2754.19,Good,1416.19
1,19278,85,Groceries,3792,2024-09-05 02:01:15.637632,Bad,9297,9981,2994,True,2997.93,Bad,-794.0700000000002
1,19278,86,Mall,403,2024-09-05 02:01:15.637632,Good,9700,9578,478,True,478.93,Good,75.93
1,19278,87,Health,820,2024-09-06 02:01:15.637632,Good,10520,8758,1751,True,1752.94,Good,932.94
1,19278,88,Education,945,2024-09-06 02:01:15.637632,Good,11465,7813,1171,True,1171.59,Good,226.58999999999992
1,19278,89,Mall,385,2024-09-11 02:01:15.637632,Bad,11850,7428,371,True,373.41,Bad,-11.589999999999975
1,19278,90,Utilities,1512,2024-09-15 02:01:15.637632,Bad,13362,5916,1183,True,1181.65,Bad,-330.3499999999999
1,19278,91,Education,345,2024-09-15 02:01:15.637632,Good,13707,5571,835,True,835.41,Good,490.40999999999997
1,19278,92,Clothing,497,2024-09-18 02:01:15.637632,Bad,14204,5074,253,True,253.36,Bad,-243.64
1,19278,93,Travel,86,2024-09-19 02:01:15.637632,Good,14290,4988,199,True,199.74,Good,113.74000000000001
1,19278,94,Mall,96,2024-09-21 02:01:15.637632,Good,14386,4892,244,True,244.0,Good,148.0
1,19278,95,Clothing,307,2024-09-21 02:01:15.637632,Bad,14693,4585,229,True,228.61,Bad,-78.38999999999999
1,19278,96,Clothing,36,2024-09-22 02:01:15.637632,Good,14729,4549,227,True,227.07,Good,191.07
1,19278,97,Groceries,993,2024-09-26 02:01:15.637632,Good,15722,3556,1066,True,1052.03,Bad,59.02999999999997
1,19278,98,Dining Out,254,2024-09-27 02:01:15.637632,Bad,15976,3302,165,True,164.84,Bad,-89.16
1,19278,99,Mall,506,2024-09-30 02:01:15.637632,Bad,16482,2796,139,True,138.91,Bad,-367.09000000000003
1,19278,100,Dining Out,370,2024-09-30 02:01:15.637632,Bad,16852,2426,121,True,121.0,Bad,-249.0
1,19278,101,Travel,291,2024-10-01 02:01:15.637632,Good,291,18987,759,True,758.94,Good,467.94000000000005
1,19278,102,Utilities,820,2024-10-03 02:01:15.637632,Good,1111,18167,3633,True,3628.03,Good,2808.03
1,19278,103,Utilities,3176,2024-10-04 02:01:15.637632,Bad,4287,14991,2998,True,2978.25,Bad,-197.75
1,19278,104,Utilities,1165,2024-10-05 02:01:15.637632,Good,5452,13826,2765,True,2762.22,Good,1597.2199999999998
2,28783,1,Travel,1292,2024-04-13 02:01:15.638424,Bad,1292,27491,1099,True,1100.62,Bad,-191.3800000000001
2,28783,2,Travel,298,2024-04-15 02:01:15.638424,Good,1590,27193,1087,True,1088.36,Good,790.3599999999999
2,28783,3,Mall,1375,2024-04-15 02:01:15.638424,Bad,2965,25818,1290,True,1293.3,Bad,-81.70000000000005
2,28783,4,Travel,743,2024-04-17 02:01:15.638424,Good,3708,25075,1003,True,1003.49,Good,260.49
2,28783,5,Utilities,4461,2024-04-19 02:01:15.638424,Bad,8169,20614,4122,True,4150.7,Bad,-310.3000000000002
2,28783,6,Education,162,2024-04-20 02:01:15.638424,Good,8331,20452,3067,True,3064.95,Good,2902.95
2,28783,7,Entertainment,2335,2024-04-22 02:01:15.638424,Bad,10666,18117,1811,True,1814.8,Bad,-520.2
2,28783,8,Mall,1013,2024-04-24 02:01:15.638424,Bad,11679,17104,855,True,854.17,Bad,-158.83000000000004
2,28783,9,Clothing,139,2024-04-26 02:01:15.638424,Good,11818,16965,848,True,847.37,Good,708.37
2,28783,10,Groceries,2705,2024-04-26 02:01:15.638424,Good,14523,14260,4278,True,4278.9,Good,1573.8999999999996
2,28783,11,Entertainment,1462,2024-04-26 02:01:15.638424,Bad,15985,12798,1279,True,1280.1,Bad,-181.9000000000001
2,28783,12,Health,1095,2024-04-29 02:01:15.638424,Good,17080,11703,2340,True,2340.16,Good,1245.1599999999999
2,28783,13,Travel,812,2024-04-29 02:01:15.638424,Bad,17892,10891,435,True,435.43,Bad,-376.57
2,28783,14,Mall,798,2024-04-29 02:01:15.638424,Bad,18690,10093,504,True,504.52,Bad,-293.48
2,28783,15,Entertainment,47,2024-04-30 02:01:15.638424,Good,18737,10046,1004,True,1004.48,Good,957.48
2,28783,16,Travel,993,2024-05-01 02:01:15.638424,Good,993,27790,1111,True,1108.0,Good,115.0
2,28783,17,Health,4572,2024-05-02 02:01:15.638424,Good,5565,23218,4643,True,4653.1,Bad,81.10000000000036
2,28783,18,Groceries,3759,2024-05-05 02:01:15.638424,Good,9324,19459,5837,True,5839.65,Good,2080.6499999999996
2,28783,19,Entertainment,1919,2024-05-06 02:01:15.638424,Bad,11243,17540,1754,True,1754.0,Bad,-165.0
2,28783,20,Mall,403,2024-05-06 02:01:15.638424,Good,11646,17137,856,True,855.91,Good,452.90999999999997
2,28783,21,Travel,379,2024-05-07 02:01:15.638424,Good,12025,16758,670,True,668.64,Good,289.64
2,28783,22,Clothing,691,2024-05-10 02:01:15.638424,Good,12716,16067,803,True,803.93,Good,112.92999999999995
2,28783,23,Mall,788,2024-05-13 02:01:15.638424,Bad,13504,15279,763,True,762.59,Bad,-25.409999999999968
2,28783,24,Entertainment,1476,2024-05-18 02:01:15.638424,Bad,14980,13803,1380,True,1376.9,Bad,-99.09999999999991
2,28783,25,Health,1042,2024-05-19 02:01:15.638424,Good,16022,12761,2552,True,2552.59,Good,1510.5900000000001
2,28783,26,Mall,472,2024-05-20 02:01:15.638424,Good,16494,12289,614,True,613.93,Good,141.92999999999995
2,28783,27,Mall,685,2024-05-21 02:01:15.638424,Bad,17179,11604,580,True,579.14,Bad,-105.86000000000001
2,28783,28,Education,700,2024-05-21 02:01:15.638424,Good,17879,10904,1635,True,1638.64,Good,938.6400000000001
2,28783,29,Mall,774,2024-05-22 02:01:15.638424,Bad,18653,10130,506,True,506.07,Bad,-267.93
2,28783,30,Entertainment,66,2024-05-26 02:01:15.638424,Good,18719,10064,1006,True,1005.95,Good,939.95
2,28783,31,Groceries,1563,2024-05-26 02:01:15.638424,Good,20282,8501,2550,True,2556.29,Good,993.29
2,28783,32,Education,704,2024-05-26 02:01:15.638424,Good,20986,7797,1169,True,1169.43,Good,465.43000000000006
2,28783,33,Clothing,110,2024-05-29 02:01:15.638424,Good,21096,7687,384,True,383.73,Good,273.73
2,28783,34,Dining Out,207,2024-05-30 02:01:15.638424,Good,21303,7480,374,True,373.57,Good,166.57
2,28783,35,Mall,769,2024-05-31 02:01:15.638424,Bad,22072,6711,335,True,333.63,Bad,-435.37
2,28783,36,Groceries,2289,2024-06-01 02:01:15.638424,Good,2289,26494,7948,True,7679.34,Good,5390.34
2,28783,37,Dining Out,1269,2024-06-01 02:01:15.638424,Bad,3558,25225,1261,True,1259.28,Bad,-9.720000000000027
2,28783,38,Clothing,675,2024-06-01 02:01:15.638424,Good,4233,24550,1227,True,1227.67,Good,552.6700000000001
2,28783,39,Travel,38,2024-06-02 02:01:15.638424,Good,4271,24512,980,True,980.53,Good,942.53
2,28783,40,Travel,234,2024-06-03 02:01:15.638424,Good,4505,24278,971,True,969.95,Good,735.95
2,28783,41,Utilities,1860,2024-06-06 02:01:15.638424,Good,6365,22418,4483,True,4498.89,Good,2638.8900000000003
2,28783,42,Groceries,2639,2024-06-07 02:01:15.638424,Good,9004,19779,5933,True,5929.87,Good,3290.87
2,28783,43,Dining Out,407,2024-06-07 02:01:15.638424,Good,9411,19372,968,True,968.7,Good,561.7
2,28783,44,Clothing,1431,2024-06-09 02:01:15.638424,Bad,10842,17941,897,True,896.46,Bad,-534.54
2,28783,45,Mall,943,2024-06-12 02:01:15.638424,Bad,11785,16998,849,True,849.88,Bad,-93.12
2,28783,46,Utilities,225,2024-06-12 02:01:15.638424,Good,12010,16773,3354,True,3361.59,Good,3136.59
2,28783,47,Travel,968,2024-06-13 02:01:15.638424,Bad,12978,15805,632,True,631.78,Bad,-336.22
2,28783,48,Clothing,540,2024-06-15 02:01:15.638424,Good,13518,15265,763,True,762.66,Good,222.65999999999997
2,28783,49,Health,2554,2024-06-16 02:01:15.638424,Bad,16072,12711,2542,True,2545.76,Good,-8.239999999999782
2,28783,50,Mall,511,2024-06-18 02:01:15.638424,Good,16583,12200,610,True,608.91,Good,97.90999999999997
2,28783,51,Entertainment,1185,2024-06-18 02:01:15.638424,Bad,17768,11015,1101,True,1099.3,Bad,-85.70000000000005
2,28783,52,Mall,370,2024-06-19 02:01:15.638424,Good,18138,10645,532,True,531.55,Good,161.54999999999995
2,28783,53,Health,2233,2024-06-23 02:01:15.638424,Bad,20371,8412,1682,True,1683.69,Bad,-549.31
2,28783,54,Clothing,790,2024-06-29 02:01:15.638424,Bad,21161,7622,381,True,380.75,Bad,-409.25
2,28783,55,Mall,1362,2024-07-03 02:01:15.638424,Good,1362,27421,1371,True,1381.16,Good,19.160000000000082
2,28783,56,Clothing,51,2024-07-03 02:01:15.638424,Good,1413,27370,1368,True,1364.82,Good,1313.82
2,28783,57,Travel,1543,2024-07-06 02:01:15.638424,Bad,2956,25827,1033,True,1033.71,Bad,-509.28999999999996
2,28783,58,Mall,881,2024-07-06 02:01:15.638424,Good,3837,24946,1247,True,1245.52,Good,364.52
2,28783,59,Mall,1375,2024-07-07 02:01:15.638424,Bad,5212,23571,1178,True,1178.55,Bad,-196.45000000000005
2,28783,60,Health,974,2024-07-07 02:01:15.638424,Good,6186,22597,4519,True,4491.51,Good,3517.51
2,28783,61,Mall,555,2024-07-09 02:01:15.638424,Good,6741,22042,1102,True,1101.73,Good,546.73
2,28783,62,Health,2944,2024-07-10 02:01:15.638424,Good,9685,19098,3819,True,3820.9,Good,876.9000000000001
2,28783,63,Utilities,1667,2024-07-10 02:01:15.638424,Good,11352,17431,3486,True,3483.13,Good,1816.13
2,28783,64,Education,199,2024-07-13 02:01:15.638424,Good,11551,17232,2584,True,2589.52,Good,2390.52
2,28783,65,Education,1070,2024-07-14 02:01:15.638424,Good,12621,16162,2424,True,2417.78,Good,1347.7800000000002
2,28783,66,Groceries,1148,2024-07-15 02:01:15.638424,Good,13769,15014,4504,True,4502.27,Good,3354.2700000000004
2,28783,67,Entertainment,1506,2024-07-16 02:01:15.638424,Bad,15275,13508,1350,True,1347.65,Bad,-158.3499999999999
2,28783,68,Entertainment,484,2024-07-16 02:01:15.638424,Good,15759,13024,1302,True,1306.04,Good,822.04
2,28783,69,Groceries,455,2024-07-17 02:01:15.638424,Good,16214,12569,3770,True,3767.35,Good,3312.35
2,28783,70,Clothing,760,2024-07-18 02:01:15.638424,Bad,16974,11809,590,True,588.83,Bad,-171.16999999999996
2,28783,71,Utilities,1521,2024-07-21 02:01:15.638424,Good,18495,10288,2057,True,2069.67,Good,548.6700000000001
2,28783,72,Clothing,855,2024-07-22 02:01:15.638424,Bad,19350,9433,471,True,471.03,Bad,-383.97
2,28783,73,Utilities,850,2024-07-26 02:01:15.638424,Good,20200,8583,1716,True,1717.24,Good,867.24
2,28783,74,Groceries,642,2024-07-28 02:01:15.638424,Good,20842,7941,2382,True,2379.95,Good,1737.9499999999998
2,28783,75,Mall,298,2024-08-02 02:01:15.638424,Good,298,28485,1424,True,1398.55,Good,1100.55
2,28783,76,Dining Out,641,2024-08-05 02:01:15.638424,Good,939,27844,1392,True,1377.59,Good,736.5899999999999
2,28783,77,Groceries,8711,2024-08-06 02:01:15.638424,Bad,9650,19133,5739,True,5737.9,Bad,-2973.1000000000004
2,28783,78,Utilities,2720,2024-08-06 02:01:15.638424,Good,12370,16413,3282,True,3284.0,Good,564.0
2,28783,79,Entertainment,222,2024-08-07 02:01:15.638424,Good,12592,16191,1619,True,1619.22,Good,1397.22
2,28783,80,Entertainment,727,2024-08-09 02:01:15.638424,Good,13319,15464,1546,True,1541.03,Good,814.03
2,28783,81,Education,1011,2024-08-09 02:01:15.638424,Good,14330,14453,2167,True,2162.93,Good,1151.9299999999998
2,28783,82,Utilities,1943,2024-08-09 02:01:15.638424,Good,16273,12510,2502,True,2502.23,Good,559.23
2,28783,83,Groceries,952,2024-08-10 02:01:15.638424,Good,17225,11558,3467,True,3466.25,Good,2514.25
2,28783,84,Entertainment,210,2024-08-10 02:01:15.638424,Good,17435,11348,1134,True,1134.23,Good,924.23
2,28783,85,Entertainment,1532,2024-08-11 02:01:15.638424,Bad,18967,9816,981,True,981.31,Bad,-550.69
2,28783,86,Entertainment,285,2024-08-14 02:01:15.638424,Good,19252,9531,953,True,954.02,Good,669.02
2,28783,87,Dining Out,764,2024-08-15 02:01:15.638424,Bad,20016,8767,438,True,438.1,Bad,-325.9
2,28783,88,Groceries,1382,2024-08-17 02:01:15.638424,Good,21398,7385,2215,True,2198.32,Good,816.3200000000002
2,28783,89,Mall,259,2024-08-18 02:01:15.638424,Good,21657,7126,356,True,356.43,Good,97.43
2,28783,90,Dining Out,671,2024-08-19 02:01:15.638424,Bad,22328,6455,322,True,322.27,Bad,-348.73
2,28783,91,Groceries,1353,2024-08-20 02:01:15.638424,Good,23681,5102,1530,True,1522.7,Bad,169.70000000000005
2,28783,92,Travel,59,2024-08-24 02:01:15.638424,Good,23740,5043,201,True,201.3,Good,142.3
2,28783,93,Clothing,117,2024-08-24 02:01:15.638424,Good,23857,4926,246,True,247.13,Good,130.13
2,28783,94,Travel,604,2024-08-24 02:01:15.638424,Bad,24461,4322,172,True,171.92,Bad,-432.08000000000004
2,28783,95,Education,365,2024-08-24 02:01:15.638424,Good,24826,3957,593,True,590.01,Good,225.01
2,28783,96,Travel,499,2024-08-24 02:01:15.638424,Bad,25325,3458,138,True,138.38,Bad,-360.62
2,28783,97,Clothing,101,2024-08-25 02:01:15.638424,Good,25426,3357,167,True,167.27,Good,66.27000000000001
2,28783,98,Travel,503,2024-08-28 02:01:15.638424,Bad,25929,2854,114,True,117.12,Bad,-385.88
2,28783,99,Clothing,586,2024-08-28 02:01:15.638424,Bad,26515,2268,113,True,112.62,Bad,-473.38
2,28783,100,Entertainment,146,2024-08-29 02:01:15.638424,Good,26661,2122,212,True,212.35,Good,66.35
2,28783,101,Travel,558,2024-08-31 02:01:15.638424,Bad,27219,1564,62,True,65.19,Bad,-492.81
2,28783,102,Travel,53,2024-09-01 02:01:15.638424,Good,53,28730,1149,True,1136.68,Good,1083.68
2,28783,103,Entertainment,3315,2024-09-02 02:01:15.638424,Bad,3368,25415,2541,True,2537.46,Bad,-777.54
2,28783,104,Groceries,4973,2024-09-03 02:01:15.638424,Good,8341,20442,6132,True,6120.12,Good,1147.12
2,28783,105,Dining Out,424,2024-09-04 02:01:15.638424,Good,8765,20018,1000,True,1001.68,Good,577.68
2,28783,106,Utilities,3129,2024-09-06 02:01:15.638424,Good,11894,16889,3377,True,3380.05,Good,251.05000000000018
2,28783,107,Dining Out,781,2024-09-08 02:01:15.638424,Good,12675,16108,805,True,804.88,Good,23.879999999999995
2,28783,108,Travel,641,2024-09-11 02:01:15.638424,Bad,13316,15467,618,True,614.76,Bad,-26.24000000000001
2,28783,109,Groceries,2924,2024-09-11 02:01:15.638424,Good,16240,12543,3762,True,3762.98,Good,838.98
2,28783,110,Travel,784,2024-09-14 02:01:15.638424,Bad,17024,11759,470,True,469.75,Bad,-314.25
2,28783,111,Mall,921,2024-09-14 02:01:15.638424,Bad,17945,10838,541,True,539.85,Bad,-381.15
2,28783,112,Health,364,2024-09-16 02:01:15.638424,Good,18309,10474,2094,True,2092.89,Good,1728.8899999999999
2,28783,113,Education,1251,2024-09-16 02:01:15.638424,Good,19560,9223,1383,True,1384.31,Good,133.30999999999995
2,28783,114,Health,1597,2024-09-17 02:01:15.638424,Bad,21157,7626,1525,True,1524.49,Bad,-72.50999999999999
2,28783,115,Health,1479,2024-09-18 02:01:15.638424,Bad,22636,6147,1229,True,1229.23,Bad,-249.76999999999998
2,28783,116,Utilities,687,2024-09-18 02:01:15.638424,Good,23323,5460,1092,True,1092.49,Good,405.49
2,28783,117,Groceries,244,2024-09-22 02:01:15.638424,Good,23567,5216,1564,True,1553.13,Good,1309.13
2,28783,118,Mall,571,2024-09-23 02:01:15.638424,Bad,24138,4645,232,True,230.17,Bad,-340.83000000000004
2,28783,119,Utilities,806,2024-09-24 02:01:15.638424,Bad,24944,3839,767,True,764.74,Good,-41.25999999999999
2,28783,120,Education,198,2024-09-25 02:01:15.638424,Good,25142,3641,546,True,547.8,Good,349.79999999999995
2,28783,121,Clothing,579,2024-09-27 02:01:15.638424,Bad,25721,3062,153,True,152.56,Bad,-426.44
2,28783,122,Travel,619,2024-09-29 02:01:15.638424,Bad,26340,2443,97,True,99.66,Bad,-519.34
2,28783,123,Education,608,2024-09-30 02:01:15.638424,Bad,26948,1835,275,True,272.97,Bad,-335.03
2,28783,124,Clothing,630,2024-10-03 02:01:15.638424,Good,630,28153,1407,True,1417.95,Good,787.95
2,28783,125,Education,4365,2024-10-03 02:01:15.638424,Bad,4995,23788,3568,True,3576.95,Bad,-788.0500000000002
2,28783,126,Mall,1180,2024-10-03 02:01:15.638424,Bad,6175,22608,1130,True,1131.12,Bad,-48.88000000000011
2,28783,127,Education,1091,2024-10-03 02:01:15.638424,Good,7266,21517,3227,True,3227.3,Good,2136.3
2,28783,128,Mall,1548,2024-10-07 02:01:15.638424,Bad,8814,19969,998,True,999.01,Bad,-548.99
3,28424,1,Clothing,1214,2024-04-11 02:01:15.639450,Good,1214,27210,1360,True,1359.22,Good,145.22000000000003
3,28424,2,Entertainment,2277,2024-04-13 02:01:15.639450,Good,3491,24933,2493,True,2491.31,Good,214.30999999999995
3,28424,3,Dining Out,65,2024-04-16 02:01:15.639450,Good,3556,24868,1243,True,1244.25,Good,1179.25
3,28424,4,Utilities,3971,2024-04-21 02:01:15.639450,Good,7527,20897,4179,True,4193.67,Good,222.67000000000007
3,28424,5,Travel,1290,2024-04-23 02:01:15.639450,Bad,8817,19607,784,True,784.49,Bad,-505.51
3,28424,6,Education,1513,2024-04-24 02:01:15.639450,Good,10330,18094,2714,True,2712.58,Good,1199.58
3,28424,7,Travel,288,2024-04-25 02:01:15.639450,Good,10618,17806,712,True,711.9,Good,423.9
3,28424,8,Mall,1069,2024-04-27 02:01:15.639450,Bad,11687,16737,836,True,833.64,Bad,-235.36
3,28424,9,Mall,1050,2024-04-27 02:01:15.639450,Bad,12737,15687,784,True,783.85,Bad,-266.15
3,28424,10,Utilities,1606,2024-04-28 02:01:15.639450,Good,14343,14081,2816,True,2817.52,Good,1211.52
3,28424,11,Utilities,998,2024-04-30 02:01:15.639450,Good,15341,13083,2616,True,2614.29,Good,1616.29
3,28424,12,Groceries,5669,2024-05-01 02:01:15.639450,Good,5669,22755,6826,True,6849.79,Good,1180.79
3,28424,13,Education,1957,2024-05-01 02:01:15.639450,Good,7626,20798,3119,True,3123.22,Good,1166.2199999999998
3,28424,14,Groceries,908,2024-05-03 02:01:15.639450,Good,8534,19890,5967,True,5952.75,Good,5044.75
3,28424,15,Mall,902,2024-05-04 02:01:15.639450,Good,9436,18988,949,True,949.29,Good,47.289999999999964
3,28424,16,Health,1135,2024-05-05 02:01:15.639450,Good,10571,17853,3570,True,3567.94,Good,2432.94
3,28424,17,Dining Out,807,2024-05-10 02:01:15.639450,Good,11378,17046,852,True,851.65,Good,44.64999999999998
3,28424,18,Utilities,2931,2024-05-11 02:01:15.639450,Bad,14309,14115,2823,True,2822.24,Bad,-108.76000000000022
3,28424,19,Utilities,2873,2024-05-11 02:01:15.639450,Bad,17182,11242,2248,True,2243.09,Bad,-629.9099999999999
3,28424,20,Utilities,772,2024-05-11 02:01:15.639450,Good,17954,10470,2094,True,2106.4,Good,1334.4
3,28424,21,Clothing,982,2024-05-11 02:01:15.639450,Bad,18936,9488,474,True,473.38,Bad,-508.62
3,28424,22,Mall,604,2024-05-11 02:01:15.639450,Bad,19540,8884,444,True,443.56,Bad,-160.44
3,28424,23,Groceries,2630,2024-05-15 02:01:15.639450,Bad,22170,6254,1876,True,1870.29,Bad,-759.71
3,28424,24,Dining Out,459,2024-05-16 02:01:15.639450,Bad,22629,5795,289,True,288.92,Bad,-170.07999999999998
3,28424,25,Mall,627,2024-05-20 02:01:15.639450,Bad,23256,5168,258,True,257.9,Bad,-369.1
3,28424,26,Utilities,1108,2024-05-21 02:01:15.639450,Bad,24364,4060,812,True,808.9,Bad,-299.1
3,28424,27,Groceries,1360,2024-05-22 02:01:15.639450,Bad,25724,2700,810,True,779.42,Bad,-580.58
3,28424,28,Clothing,324,2024-05-22 02:01:15.639450,Bad,26048,2376,118,True,118.42,Bad,-205.57999999999998
3,28424,29,Utilities,900,2024-05-23 02:01:15.639450,Bad,26948,1476,295,True,289.55,Bad,-610.45
3,28424,30,Dining Out,521,2024-05-23 02:01:15.639450,Bad,27469,955,47,True,46.58,Bad,-474.42
3,28424,31,Utilities,42,2024-05-24 02:01:15.639450,Good,27511,913,182,True,188.07,Good,146.07
3,28424,32,Clothing,60,2024-05-26 02:01:15.639450,Bad,27571,853,42,True,43.84,Good,-16.159999999999997
3,28424,33,Utilities,63,2024-05-27 02:01:15.639450,Good,27634,790,158,True,155.77,Good,92.77000000000001
3,28424,34,Dining Out,319,2024-05-27 02:01:15.639450,Bad,27953,471,23,True,29.7,Bad,-289.3
3,28424,35,Clothing,397,2024-05-28 02:01:15.639450,Bad,28350,74,3,True,10.25,Bad,-386.75
3,28424,36,Health,166,2024-05-28 02:01:15.639450,,28516,-92,-18,True,-20.65,Bad,-186.65
